{
    "N": [
        [
            1.3027009728810992,
            {
                "C": [
                    [
                        1.3027009728810992,
                        {}
                    ],
                    [
                        1.0000013710315858,
                        {
                            "N": [
                                [
                                    1.0000013710315858,
                                    {}
                                ]
                            ],
                            "H": [
                                [
                                    0.9999977395793411,
                                    {
                                        "C": [
                                            [
                                                0.9999977395793411,
                                                {}
                                            ]
                                        ]
                                    }
                                ],
                                [
                                    0.9999977397060537,
                                    {
                                        "C": [
                                            [
                                                0.9999977397060537,
                                                {}
                                            ]
                                        ]
                                    }
                                ],
                                [
                                    0.9999977397060537,
                                    {
                                        "C": [
                                            [
                                                0.9999977397060537,
                                                {}
                                            ]
                                        ]
                                    }
                                ]
                            ]
                        }
                    ]
                ],
                "H": [
                    [
                        0.9999999847690371,
                        {
                            "N": [
                                [
                                    0.9999999847690371,
                                    {}
                                ]
                            ]
                        }
                    ]
                ]
            }
        ]
    ],
    "O": [
        [
            1.9399409452454948,
            {
                "C": [
                    [
                        1.9399409452454948,
                        {}
                    ]
                ]
            }
        ]
    ],
    "C": [
        [
            1.0000453978687025,
            {
                "C": [
                    [
                        1.0000453978687025,
                        {}
                    ]
                ],
                "H": [
                    [
                        0.9999977396699856,
                        {
                            "C": [
                                [
                                    0.9999977396699856,
                                    {}
                                ]
                            ]
                        }
                    ],
                    [
                        0.9999977397435302,
                        {
                            "C": [
                                [
                                    0.9999977397435302,
                                    {}
                                ]
                            ]
                        }
                    ],
                    [
                        0.9999977397435302,
                        {
                            "C": [
                                [
                                    0.9999977397435302,
                                    {}
                                ]
                            ]
                        }
                    ]
                ]
            }
        ]
    ]
}