{
    "N": [
        [
            1.0919228829239365,
            {
                "C": [
                    [
                        1.0919228829239365,
                        {}
                    ],
                    [
                        1.0000003454861426,
                        {
                            "N": [
                                [
                                    1.0000003454861426,
                                    {}
                                ]
                            ],
                            "C": [
                                [
                                    0.999999962197552,
                                    {
                                        "C": [
                                            [
                                                0.999999962197552,
                                                {}
                                            ],
                                            [
                                                0.9999999621930763,
                                                {
                                                    "N": [
                                                        [
                                                            1.0000003454094812,
                                                            {
                                                                "C": [
                                                                    [
                                                                        1.0920132177698558,
                                                                        {}
                                                                    ],
                                                                    [
                                                                        1.0000003454094812,
                                                                        {}
                                                                    ]
                                                                ],
                                                                "H": [
                                                                    [
                                                                        0.9999999849971921,
                                                                        {
                                                                            "N": [
                                                                                [
                                                                                    0.9999999849971921,
                                                                                    {}
                                                                                ]
                                                                            ]
                                                                        }
                                                                    ]
                                                                ]
                                                            }
                                                        ]
                                                    ],
                                                    "C": [
                                                        [
                                                            0.9999999621930763,
                                                            {}
                                                        ]
                                                    ],
                                                    "H": [
                                                        [
                                                            0.9999973333014566,
                                                            {
                                                                "C": [
                                                                    [
                                                                        0.9999973333014566,
                                                                        {}
                                                                    ]
                                                                ]
                                                            }
                                                        ],
                                                        [
                                                            0.999997080128092,
                                                            {
                                                                "C": [
                                                                    [
                                                                        0.999997080128092,
                                                                        {}
                                                                    ]
                                                                ]
                                                            }
                                                        ]
                                                    ]
                                                }
                                            ]
                                        ],
                                        "H": [
                                            [
                                                0.9999971576633593,
                                                {
                                                    "C": [
                                                        [
                                                            0.9999971576633593,
                                                            {}
                                                        ]
                                                    ]
                                                }
                                            ],
                                            [
                                                0.9999974428668197,
                                                {
                                                    "C": [
                                                        [
                                                            0.9999974428668197,
                                                            {}
                                                        ]
                                                    ]
                                                }
                                            ]
                                        ]
                                    }
                                ]
                            ],