{
    "N": [
        [
            1.4026867184123297,
            {
                "C": [
                    [
                        1.4026867184123297,
                        {}
                    ],
                    [
                        1.0000013709572069,
                        {
                            "N": [
                                [
                                    1.0000013709572069,
                                    {}
                                ]
                            ],
                            "H": [
                                [
                                    0.9999977396699856,
                                    {
                                        "C": [
                                            [
                                                0.9999977396699856,
                                                {}
                                            ]
                                        ]
                                    }
                                ],
                                [
                                    0.9999977397435302,
                                    {
                                        "C": [
                                            [
                                                0.9999977397435302,
                                                {}
                                            ]
                                        ]
                                    }
                                ],
                                [
                                    0.9999977397435302,
                                    {
                                        "C": [
                                            [
                                                0.9999977397435302,
                                                {}
                                            ]
                                        ]
                                    }
                                ]
                            ]
                        }
                    ]
                ],
                "H": [
                    [
                        0.9999999876238085,
                        {
                            "N": [
                                [
                                    0.9999999876238085,
                                    {}
                                ]
                            ]
                        }
                    ]
                ]
            }
        ],
        [
            1.4026936523510232,
            {
                "C": [
                    [
                        1.4026936523510232,
                        {}
                    ],
                    [
                        1.0000013709441997,
                        {
                            "N": [
                                [
                                    1.0000013709441997,
                                    {}
                                ]
                            ],
                            "H": [
                                [
                                    0.9999977397991863,
                                    {
                                        "C": [
                                            [
                                                0.9999977397991863,
                                                {}
                                            ]
                                        ]
                                    }
                                ],
                                [
                                    0.9999977396666989,
                                    {
                                        "C": [
                                            [
                                                0.9999977396666989,
                                                {}
                                            ]
                                        ]
                                    }
                                ],
                                [
                                    0.9999977395870807,
                                    {
                                        "C": [
                                            [
                                                0.9999977395870807,
                                                {}
                                            ]
                                        ]
                                    }
                                ]
                            ]
                        }
                    ]
                ],
                "H": [
                    [
                        0.99999998762304,
                        {
                            "N": [
                                [
                                    0.99999998762304,
                                    {}
                                ]
                            ]
                        }
                    ]
                ]
            }
        ]
    ],
    "O": [
        [
            1.9495237785769102,
            {
                "C": [
                    [
                        1.9495237785769102,
                        {}
                    ]
                ]
            }
        ]
    ]
}