{
    "N": [
        [
            1.402693297909277,
            {
                "C": [
                    [
                        1.402693297909277,
                        {}
                    ]
                ],
                "H": [
                    [
                        0.9999999866437936,
                        {
                            "N": [
                                [
                                    0.9999999866437936,
                                    {}
                                ]
                            ]
                        }
                    ],
                    [
                        0.9999999876237818,
                        {
                            "N": [
                                [
                                    0.9999999876237818,
                                    {}
                                ]
                            ]
                        }
                    ]
                ]
            }
        ],
        [
            1.4026930987790533,
            {
                "C": [
                    [
                        1.4026930987790533,
                        {}
                    ]
                ],
                "H": [
                    [
                        0.9999999866439122,
                        {
                            "N": [
                                [
                                    0.9999999866439122,
                                    {}
                                ]
                            ]
                        }
                    ],
                    [
                        0.9999999876230835,
                        {
                            "N": [
                                [
                                    0.9999999876230835,
                                    {}
                                ]
                            ]
                        }
                    ]
                ]
            }
        ]
    ],
    "O": [
        [
            1.9495225881903577,
            {
                "C": [
                    [
                        1.9495225881903577,
                        {}
                    ]
                ]
            }
        ]
    ]
}